Workbook

Sheet Company_Revenues
A1: year | B1: NVIDIA | C1: AMD | D1: Intel | E1: TSMC | F1: ASML
A2: 2011 | B2: 3540 | C2: 6568 | D2: 53999 | E2: 14543 | F2: 7871
A3: 2012 | B3: 3998 | C3: 5422 | D3: 53341 | E3: 17426 | F3: 6085
A4: 2013 | B4: 4280 | C4: 5299 | D4: 52708 | E4: 20014 | F4: 6967
A5: 2014 | B5: 4130 | C5: 5506 | D5: 55870 | E5: 24140 | F5: 7785
A6: 2015 | B6: 4682 | C6: 3991 | D6: 55355 | E6: 26571 | F6: 6982
A7: 2016 | B7: 5010 | C7: 4319 | D7: 59387 | E7: 29257 | F7: 7519
A8: 2017 | B8: 6910 | C8: 5253 | D8: 62761 | E8: 32977 | F8: 10232
A9: 2018 | B9: 9714 | C9: 6475 | D9: 70848 | E9: 33694 | F9: 12925
A10: 2019 | B10: 11716 | C10: 6731 | D10: 71965 | E10: 35774 | F10: 13238
A11: 2020 | B11: 10918 | C11: 9763 | D11: 77867 | E11: 47694 | F11: 15968
A12: 2021 | B12: 16675 | C12: 16434 | D12: 79024 | E12: 57225 | F12: 22019
A13: 2022 | B13: 26914 | C13: 23601 | D13: 63054 | E13: 73670 | F13: 22308
... A16: 2025 | B16: 130497 | C16: 34639 | D16: 52853 | E16: 122271 | F16: 36960

Sheet Company_Revenues_billions
A1: year | B1: NVIDIA | C1: AMD | D1: Intel | E1: TSMC | F1: ASML
A2: 2011 | B2: =Company_Revenues!B2/1000 -> 3.54 | C2: =Company_Revenues!C2/1000 -> 6.568 | D2: =Company_Revenues!D2/1000 -> 53.999 | E2: =Company_Revenues!E2/1000 -> 14.543 | F2: =Company_Revenues!F2/1000 -> 7.871
A3: 2012 | B3: =Company_Revenues!B3/1000 -> 3.998 | C3: =Company_Revenues!C3/1000 -> 5.422 | D3: =Company_Revenues!D3/1000 -> 53.341 | E3: =Company_Revenues!E3/1000 -> 17.426 | F3: =Company_Revenues!F3/1000 -> 6.085
A4: 2013 | B4: =Company_Revenues!B4/1000 -> 4.28 | C4: =Company_Revenues!C4/1000 -> 5.299 | D4: =Company_Revenues!D4/1000 -> 52.708 | E4: =Company_Revenues!E4/1000 -> 20.014 | F4: =Company_Revenues!F4/1000 -> 6.967
A5: 2014 | B5: =Company_Revenues!B5/1000 -> 4.13 | C5: =Company_Revenues!C5/1000 -> 5.506 | D5: =Company_Revenues!D5/1000 -> 55.87 | E5: =Company_Revenues!E5/1000 -> 24.14 | F5: =Company_Revenues!F5/1000 -> 7.785
A6: 2015 | B6: =Company_Revenues!B6/1000 -> 4.682 | C6: =Company_Revenues!C6/1000 -> 3.991 | D6: =Company_Revenues!D6/1000 -> 55.355 | E6: =Company_Revenues!E6/1000 -> 26.571 | F6: =Company_Revenues!F6/1000 -> 6.982
A7: 2016 | B7: =Company_Revenues!B7/1000 -> 5.01 | C7: =Company_Revenues!C7/1000 -> 4.319 | D7: =Company_Revenues!D7/1000 -> 59.387 | E7: =Company_Revenues!E7/1000 -> 29.257 | F7: =Company_Revenues!F7/1000 -> 7.519
A8: 2017 | B8: =Company_Revenues!B8/1000 -> 6.91 | C8: =Company_Revenues!C8/1000 -> 5.253 | D8: =Company_Revenues!D8/1000 -> 62.761 | E8: =Company_Revenues!E8/1000 -> 32.977 | F8: =Company_Revenues!F8/1000 -> 10.232
A9: 2018 | B9: =Company_Revenues!B9/1000 -> 9.714 | C9: =Company_Revenues!C9/1000 -> 6.475 | D9: =Company_Revenues!D9/1000 -> 70.848 | E9: =Company_Revenues!E9/1000 -> 33.694 | F9: =Company_Revenues!F9/1000 -> 12.925
A10: 2019 | B10: =Company_Revenues!B10/1000 -> 11.716 | C10: =Company_Revenues!C10/1000 -> 6.731 | D10: =Company_Revenues!D10/1000 -> 71.965 | E10: =Company_Revenues!E10/1000 -> 35.774 | F10: =Company_Revenues!F10/1000 -> 13.238
A11: 2020 | B11: =Company_Revenues!B11/1000 -> 10.918 | C11: =Company_Revenues!C11/1000 -> 9.763 | D11: =Company_Revenues!D11/1000 -> 77.867 | E11: =Company_Revenues!E11/1000 -> 47.694 | F11: =Company_Revenues!F11/1000 -> 15.968
A12: 2021 | B12: =Company_Revenues!B12/1000 -> 16.675 | C12: =Company_Revenues!C12/1000 -> 16.434 | D12: =Company_Revenues!D12/1000 -> 79.024 | E12: =Company_Revenues!E12/1000 -> 57.225 | F12: =Company_Revenues!F12/1000 -> 22.019
A13: 2022 | B13: =Company_Revenues!B13/1000 -> 26.914 | C13: =Company_Revenues!C13/1000 -> 23.601 | D13: =Company_Revenues!D13/1000 -> 63.054 | E13: =Company_Revenues!E13/1000 -> 73.67 | F13: =Company_Revenues!F13/1000 -> 22.308
... A16: 2025 | B16: =Company_Revenues!B16/1000 -> 130.497 | C16: =Company_Revenues!C16/1000 -> 34.639 | D16: =Company_Revenues!D16/1000 -> 52.853 | E16: =Company_Revenues!E16/1000 -> 122.271 | F16: =Company_Revenues!F16/1000 -> 36.96

Sheet Metadata
A1: company | B1: country | C1: role
A2: NVIDIA | B2: USA | C2: Design
A3: AMD | B3: USA | C3: Design
A4: Intel | B4: USA | C4: Design & Manufacturing
A5: TSMC | B5: Taiwan | C5: Manufacturing
A6: ASML | B6: Netherlands | C6: Equipment
